timestamp,rps
2026-09-19T11:02:48.060Z,0.24
2026-09-19T11:12:33.189Z,0.43
2026-09-19T12:23:46.465Z,0
2026-09-19T12:30:24.319Z,0.07
2026-09-19T13:01:31.556Z,0.06
2026-09-19T13:09:40.940Z,0.16
2026-09-19T13:15:39.757Z,0.17
2026-09-19T13:21:05.576Z,0.92
2026-09-19T13:26:18.784Z,1.6
2026-09-19T13:31:31.207Z,0.04
2026-09-19T13:41:25.472Z,1.69
2026-09-19T13:49:50.738Z,0.13
2026-09-19T13:56:20.558Z,0.13
2026-09-19T14:10:54.993Z,0.25
2026-09-19T14:21:17.876Z,0.01
2026-09-19T14:26:17.888Z,0
2026-09-19T14:33:21.830Z,0.01
2026-09-19T14:38:21.832Z,0
2026-09-19T14:43:21.842Z,0
